Date,Company,Title
2021-11-04,Centene Corporation,Disease Management Enrollment Representative
2021-11-04,Dignity Health,Patient Advocate
2021-11-04,Dignity Health,A/R Payment Rep II
2021-11-04,Dignity Health,Clerical Supervisor I
2021-11-04,Dignity Health,Accountant
2021-11-04,Dignity Health,Recruiting Coordinator Temporary
2021-10-27,Dignity Health,Patient Logistics Coordinator
2021-11-04,Dignity Health,Senior Patient Account Assistant-Intake Coordinator
2021-11-04,Dignity Health,Senior Patient Account Assistant-Intake Coordinator
2021-11-04,Dignity Health,Senior Patient Account Assistant-Intake Coordinator
2021-11-04,Dignity Health,A/R Billing Representative II
2021-10-27,Dignity Health,Patient Logistics Coordinator
2021-10-20,Centene Corporation,Disease Management Assistant (HNGS)
2021-10-28,Centene Corporation,Case Care Management Assistant - Remote Available
2021-11-04,Dignity Health,Financial Analyst
2021-11-01,Centene Corporation,"Customer Service Representative I - - Remote in CA, Bonus Eligible"
2021-11-03,Centene Corporation,"Manager, Claims"
2021-11-04,California Northstate University,Admissions Outreach and Communications Specialist
2021-10-26,FedEx Services,Field Sales Professional (AE/SE)
2021-10-26,Magellan Health,"Manager, Customer Care"
2021-11-04,Dignity Health,Coder I
2021-10-20,Magellan Health,Mail Services Coordinator
2021-10-15,Dignity Health,Patient Logistics Coordinator
2021-10-21,Dignity Health,Complex Placement Coordinator
2021-11-04,CommonSpirit Health,Patient Advocate
2021-10-29,Republic Services,Work From Home - Customer Service Specialist - Franchise Markets
2021-11-02,"Creative Recreational Systems, Inc",Executive Administrative Assistant
2021-10-31,City of Rancho Cordova,Administrative Assistant I
2021-11-04,Dignity Health,Lab Courier / Driver
2021-10-21,Dignity Health,A/R Billing Representative II
2021-11-02,"Anthem, Inc.",Claims Examiner II - Posting Expires on 11/05/21 @ 11:59pm
2021-11-02,"Anthem, Inc.",Claims Examiner II - Posting Expires on 11/05/21 @ 11:59pm
2021-11-02,"Anthem, Inc.",Customer Care Representative Lead **Posting Expires on 11/5/21 at 111:59pm**
2021-10-25,Centene Corporation,"Supervisor, Customer Service"
2021-11-03,City of Rancho Cordova,Engineering Technician
2021-11-01,Insurance Relief,Underwriting Assistant - REMOTE
2021-11-04,Dignity Health,Senior Accountant
2021-11-01,FedEx Services,Field Sales Professional (AE/SE)
2021-11-01,Thermo Fisher Scientific,Clinical Sales Consultant
2021-11-01,Centene Corporation,"Manager, Information Technology (Contact Centers)"
2021-10-16,Dignity Health,Insurance Services Representative II
2021-11-03,Centene Corporation,"Director, Claims Operations"
2021-10-18,Magellan Health,Customer Care Supervisor
2021-10-08,American Pacific Corporation,Analytical Scientist
2021-11-01,HealthCare Support,Remote Case Management Assistant
2021-10-26,Fastenal Company,Supply Chain Associate
2021-10-14,Dignity Health,"Director of Patient, Provider and Employee Experience"
2021-11-01,Greywind Marketing Inc,Entry Level Associate Recruiter / HR Assistant
2021-11-03,Centene Corporation,Executive Assistant
2021-11-01,The WorkPlace Group,Associate Development Program Analyst
2021-10-10,"Anthem, Inc.","Customer Service Representative - Rancho Cordova, CA"
2021-10-06,Travelers,Outside Property Claim Representative Trainee (Sacramento)
2021-10-22,"Anthem, Inc.","Customer Service Representative - Rancho Cordova, CA"
2021-10-29,Splendid Spoon,FT Customer Experience Associate (Work From Home)
2021-10-29,"TRC Companies, Inc.",Civil/Structural Engineering Intern
2021-10-26,Magellan Health,Quality Specialist I
2021-11-01,Travelers,BI UPDP
2021-11-03,Fortuna BMC,Data Entry Supervisor
2021-11-02,"Anthem, Inc.",Customer Care Representative Senior - **Posting Expires on 11/5/21 at 11:59pm**
2021-10-14,Sacramento Marriott Rancho Cordova,Front Office Manager
2021-10-26,HealthCare Support,Claims Analyst
2021-11-02,UnitedHealthcare,"New Business Coordinator - Rancho Cordova, CA"
2021-11-04,Dignity Health,Fixed Asset Accountant
2021-10-18,Sacramento Marriott Rancho Cordova,Front Desk Agent - FT & PT
2021-10-26,Magellan Health,Senior Mailroom Coordinator
2021-10-26,Magellan Health,Senior Mailroom Coordinator
2021-10-26,Magellan Health,Senior Mailroom Coordinator
2021-10-26,Magellan Health,Senior Mailroom Coordinator
2021-10-26,Magellan Health,Pharmacy Network Administrator
2021-10-26,Magellan Health,Pharmacy Network Administrator
2021-10-22,"Anthem, Inc.","Customer Service Representative - Rancho Cordova, CA"
2021-10-26,Magellan Health,Pharmacy Network Administrator
2021-10-26,Magellan Health,Pharmacy Network Administrator
2021-10-26,Magellan Health,"Manager, Provider Relations"
2021-10-14,Dignity Health,Coder I
2021-11-04,CommonSpirit Health,Clerical Supervisor I
2021-11-04,KULE,PT Customer Service Associate (Work From Home)
2021-10-29,UnitedHealthcare,"New Business Coordinator - Rancho Cordova, CA"
2021-10-06,Professional Diversity Network,COMMUNICATIONS SUPERVISOR (LT)
2021-10-13,Sedgwick,Claims Associate - Workers Compensation
2021-10-19,"CENTRAL STRIPING SERVICE, INC.",Construction Project Manager
2021-10-06,Sac Platinum Realty,Real Estate Transaction Coordinator
2021-10-25,Schnitzer Steel,Contact Center Manager
2021-10-22,"Anthem, Inc.","Customer Service Representative - Rancho Cordova, CA"
2021-10-27,Fortuna BMC,Data Entry Clerk
2021-10-21,Magellan Health,HR Business Partner
2021-10-22,Centene Corporation,Information Risk Analyst II
2021-10-29,American Pacific Corporation,Documentation Control Specialist
2021-10-22,Wisetack,FT Customer Experience Associate (Work From Home)
2021-11-04,Dignity Health,Accounting Manager
2021-10-26,Centene Corporation,Business Systems Analyst
2021-11-03,"Ursus, Inc.",Communications Specialist
2021-10-19,Nesco Resource,Remote Administrative Assistant
2021-10-14,CommonSpirit Health,"Director of Patient, Provider and Employee Experience"
2021-10-08,Centene Corporation,Coordination of Benefits
2021-10-12,Travelers,Auto Claim Representative Trainee
2021-10-27,Dignity Health,Behavioral Health Program Manager
2021-11-04,Centene Corporation,"Manager, Training"
2021-10-14,Dignity Health,Program Manager II
2021-10-09,Black & Veatch,Mechanical Engineer Intern - Water - Sacramento
2021-10-14,Centene Corporation,"Manager, Information Technology"
2021-10-08,Schnitzer Steel,Workforce Management Analyst
2021-11-01,Centene Corporation,Business Analyst II (Claims)
2021-10-22,Dewberry,Helpdesk/PC Technician II
2021-10-19,Dignity Health,Credential Coordinator
2021-10-28,Centene Corporation,Intake Representative I
2021-10-26,Delta Dental Ins.,Union - Appeals Representative
2021-10-25,Centene Corporation,Intake Representative I
2021-10-07,Magellan Health,Senior Mailroom Coordinator
2021-10-21,Centene Corporation,Intake Representative I
2021-11-05,CommonSpirit Health,Financial Analyst
2021-10-12,Centene Corporation,Intake Representative I
2021-11-04,Centene Corporation,Customer Service Representative I
2021-10-26,Magellan Health,"Billing Specialist, Medi-Cal"
2021-10-07,Robert Half,Business Analyst Associate
2021-10-25,Sedgwick,Claims Associate (Medical Only) Workers Compensation
2021-11-04,Pacific Office Automation,Customer Care Representative
2021-11-04,Nesco Resource,Data Entry Representative
2021-11-03,Blue Shield of California,Program Coordinator - Wellness
2021-11-05,Compunnel,Clerical
2021-10-06,Centene Corporation,"Supervisor, Operations"
2021-10-20,Magellan Health,Mailroom Coordinator
2021-11-03,"Ursus, Inc.",Communications Specialist
2021-10-30,"ARC Management Group, LLC",Marketing Communications Assistant
2021-10-21,Commercial Sign Crafters,Administrative
2021-10-06,Tetra Tech,Emergency Coordinator - SAC
2021-11-04,CommonSpirit Health,A/R Payment Rep II
2021-11-05,CommonSpirit Health,Accountant
2021-10-08,Dignity Health,Coder II
2021-10-08,Dignity Health,Coder II
2021-10-18,C&S Wholesale Grocers,Merchandising Analyst
2021-10-29,"U.S. Lawns - Sacramento East and Elk Grove, CA",Business Developer
2021-10-19,Banner Bank,"Senior Credit Analyst (remote - CA, OR, WA, ID)"
2021-11-04,Dignity Health,Physician Services Contract Specialist
2021-11-01,Schnitzer Steel,Site Development Director
2021-10-20,Dignity Health,Revenue Cycle Performance Manager
2021-10-20,SearchPros,Credentialing Analyst
2021-10-12,"Dialysis Clinic, Inc.",Unit Secretary
2021-11-02,American Pacific Corporation,Senior Accounts Payable Specialist
2021-10-26,"Creative Recreational Systems, Inc",Accounting Assistant
2021-10-07,Tetra Tech,Environmental Planner
2021-10-12,Banfield Pet Hospital,Veterinary Assistant - 000049
2021-11-01,Nicholas Pension Consultants,Administrative Associate
2021-10-19,Brown and Caldwell,Administrative Assistant
2021-10-13,Murraysmith,IT Coordinator
2021-10-27,CommonSpirit Health,Patient Logistics Coordinator
2021-10-09,Centene Corporation,"Director, Claims Operations"
2021-10-15,Federated Insurance,"Claims Adjuster - Entry Level - Rancho Cordova, CA"
2021-10-27,Centene Corporation,Project Manager III
2021-10-27,CommonSpirit Health,Patient Logistics Coordinator
2021-10-28,Sacramento Marriott Rancho Cordova,Starbucks Barista - PT
2021-10-20,Kids Care Dental & Orthodontics,Recruiting Coordinator
2021-10-30,Cervoid,Online Survey Taker - Work From Home
2021-11-04,CommonSpirit Health,Coder I
2021-10-10,Centene Corporation,Product Marketing & Communications Specialist II
2021-10-20,Robert Half,Operational Support Administrator
2021-10-16,Sacramento Marriott Rancho Cordova,Front Desk Agent - FT & PT
2021-10-10,Dignity Health,Coder II
2021-10-22,Travelers,Auto Liability Technical Specialist
2021-11-03,Walmart,Stocking & Unloading
2021-10-13,Sedgwick,Claims Adjuster - Workers Compensation
2021-10-28,Human Bees,Entry-Level Talent Sourcer (Launch Your Career!)
2021-11-01,Schnitzer Steel,Vehicle Purchasing Agent
2021-10-21,Magellan Health,Customer Care Supervisor
2021-10-14,gpac,Quality Engineer
2021-10-31,gpac,Quality Engineer
2021-11-05,Murraysmith,Senior Human Resources Generalist
2021-11-05,Cognizant,Technical Project Manager
2021-11-01,Greywind Marketing Inc,Entry Level Marketing Associate
2021-10-16,CTA Engineering & Surveying,Assistant Civil Engineer
2021-10-12,Centene Corporation,Project Manager III
2021-10-31,Teledyne Technologies Incorporated,Buyer
2021-10-11,Centene Corporation,Project Manager III
2021-10-25,HealthCare Support,Case Management Coordinator
2021-10-08,Teledyne Technologies Incorporated,"Assembler, Electronics/ Electro-Mech. 2"
2021-11-01,Sedgwick,Claims Representative IAP - Entry Level
2021-10-09,"Ursus, Inc.",Digital Marketing Associate
2021-10-20,American Pacific Corporation,"Production Engineer, Technical Operations / Process Engineer"
2021-10-27,Centene Corporation,Data Analyst III (Healthcare Analytics) - California
2021-11-04,CommonSpirit Health,Recruiting Coordinator Temporary
2021-10-19,Travelers,"Risk Control Consultant, Construction"
2021-10-26,gpac,Quality Engineer
2021-11-02,"ARC Management Group, LLC",Entry Level Manager / Management Trainee
2021-10-21,CommonSpirit Health,Complex Placement Coordinator
2021-11-04,CommonSpirit Health,A/R Billing Representative II
2021-10-07,Target,"Executive Team Leader General Merchandise & Food Sales (Assistant Manager)- Rancho Cordova, CA"
2021-10-11,"Apex Envirotech, Inc.",Environmental Project Manager
2021-11-01,Schnitzer Steel,Project & Construction Manager
2021-10-31,gpac,Auto Manufacturing Engineer
2021-10-10,NEC Corporation of America,Business Systems Analyst
2021-10-21,"Ursus, Inc.",Business Process Analyst
2021-11-01,Zurich North America,General Liability Claims Specialist I
2021-10-27,"ThermoGenesis Holdings, Inc.",Supply Chain Manager
2021-10-26,Delta Dental Ins.,Customer Service Representative I
2021-10-06,Ultimate Staffing,Contract Administrator
2021-10-18,"Ursus, Inc.",Marketing & Brand Management Specialist
2021-11-03,American Pacific Corporation,Sr Accountant
2021-10-23,Folsom Lake Honda,Clerical Department
2021-10-15,CommonSpirit Health,Patient Logistics Coordinator
2021-11-02,"Anthem, Inc.",Customer Care Representative Senior - **Posting Expires on 11/5/21 at 11:59pm**
2021-10-26,Robert Half,Talent Advisor
2021-10-11,Brown and Caldwell,Air Permitting Engineer/Scientist
2021-10-07,HealthCare Support,Administrative Assistant
2021-10-08,San Joaquin Valley College,Surgical Technology Clinical Coordinator
2021-10-14,CommonSpirit Health,Coder I
2021-10-14,gpac,Auto Manufacturing Engineer
2021-11-04,CommonSpirit Health,Senior Patient Account Assistant-Intake Coordinator
2021-11-05,HD Supply,Warehouse Associate- 4am
2021-11-04,Dignity Health Medical Foundation,Nuclear Medicine Technologist
2021-11-04,CommonSpirit Health,Senior Patient Account Assistant-Intake Coordinator
2021-10-21,CommonSpirit Health,A/R Billing Representative II
2021-11-02,Kids Care Dental & Orthodontics,Revenue Cycle Refunds Specialist
2021-11-04,CommonSpirit Health,Senior Patient Account Assistant-Intake Coordinator
2021-10-21,Genuent,Talent Advisor
2021-10-23,Folsom Lake Honda,Parts Department
2021-10-20,Blue Shield of California,"Clinical Services Coordinator, Intermediate"
2021-10-21,"Ursus, Inc.",Technical Writer
2021-11-03,Arc Management Group,Entry Level Manager / Management Trainee
2021-11-04,Greywind Marketing Inc,Junior Marketing Associate - Full Time
2021-11-03,Environmental Restoration and Construction,Administrative Professional
2021-11-03,AssuredPartners,Junior OCIP Administrator
2021-10-22,"Ames-Grenz Insurance Services, Inc",Account Manager Medicare Insurance
2021-11-04,Behavior Nation,Behavior Technician
2021-10-28,Travelers,Medical Case Manager
2021-10-28,Zurich North America,Construction Specialties Risk Engineering Associate
2021-10-30,Zurich North America,Claims Associate II
2021-10-26,Travelers,Workers Compensation Unit Manager
2021-10-14,Travelers,Summer 2022 Business Insurance Underwriting Internship
2021-11-04,CommonSpirit Health,Lab Courier / Driver
2021-10-07,Ampcus Inc,Document
2021-10-07,American Red Cross,Hospital Services Storage and Distribution Technician
2021-10-21,Delta Dental Ins.,Organizational Effectiveness Consultant
2021-10-15,Dewberry,Structural (Bridge) Engineering Intern
2021-11-03,Incora,Warehouse Associate I
2021-10-21,ISS Facility Services - North America,Facilities Manager
2021-10-29,Nicholas Pension Consultants,Director of Finance and Technology
2021-10-30,Centene Corporation,Chief Operating Officer
2021-10-11,Construction Specialties,Branch Administrative Assistant
2021-10-28,Pacific Office Automation,Business Development Representative (Entry-Level)
2021-10-22,ExamWorks,Scheduling Coordinator
2021-11-04,Dignity Health Medical Foundation,Non Invasive Cardio Assistant
2021-10-30,"ARC Management Group, LLC",Entry Level Management
2021-11-02,US Tech Solutions,Data Entry Supervisor
2021-10-16,Dignity Health,Coder II OnCall
2021-10-19,CommonSpirit Health,Credential Coordinator
2021-11-02,Delta Dental Ins.,Appeals Specialist - Medicaid Preferred
2021-10-07,Centene Corporation,"Manager, Network Security"
2021-11-03,Environmental Restoration and Construction,Receptionist/ Junior Administrative Assistant
2021-11-05,Robert Half,Accounting Clerk
2021-10-15,Spectraforce Technologies,Clinical Support Coordinator Associate
2021-11-03,The MENTOR Network,Program Supervisor for Adult Day Program
2021-10-08,Teledyne Technologies Incorporated,Cleanroom Staging Clerk
2021-10-22,Blue Shield of California,"Provider Processor, Intermediate"
2021-10-27,gpac,Program Manage - Manufacturing
2021-11-04,Nesco Resource,Customer Support Representative II
2021-11-04,Sevita,Program Supervisor for Adult Day Program
2021-11-01,Greywind Marketing Inc,Junior Account Manager - Full Time
2021-10-21,"Construction Innovations, LLC",Assistant Project Manager
2021-11-04,CommonSpirit Health,Senior Accountant
2021-11-01,Greywind Marketing Inc,Entry Level Marketing Experience Associate
2021-11-04,Aimbridge Hospitality,Front Desk Agent
2021-10-08,Schnitzer Steel,Senior Financial Analyst
2021-10-27,CommonSpirit Health,Behavioral Health Program Manager
2021-10-29,Zurich North America,Workers Compensation Claims Specialist
2021-11-01,gpac,Program Manage - Manufacturing
2021-10-22,ExamWorks,Scheduling Coordinator
2021-10-29,Centene Corporation,"Vice President, Information Technology (Federal Services)"
2021-10-21,USI Insurance Services,Associate Employee Benefits Analyst Career Development Program
2021-10-19,Zurich North America,Claims Training Program - Northern California (Summer 2022)
2021-10-14,CommonSpirit Health,Program Manager II
2021-11-05,"Apex Site Solutions, Inc",Entry Level Cell Tower Technician
2021-11-02,Zurich North America,Claims Associate II-Workers Compensation
2021-10-31,Fairfield Inn & Suites Rancho Cordova,General Manager
2021-11-05,Robert Half,Billing Specialist
2021-10-30,Amuse,Delivery Associate
2021-11-04,Sedgwick,Claims Examiner Workers Compensation
2021-11-04,Blue Shield of California,"Business Analyst, Experienced"
2021-11-01,Cornerstone Building Brands,Administrative Support Assistant
2021-11-03,"TRC Companies, Inc.",Project Coordinator
2021-10-28,HD Supply,Part-Time Warehouse Associate- 3pm
2021-10-21,"Ursus, Inc.",Technical Writer
2021-10-23,Zurich North America,Claims Specialist I - Total Loss
2021-11-04,U.S. Bank,Client Relationship Consultant (Banker) - Citrus Heights / Rancho Cordova
2021-10-25,Pacific Office Automation,DISPATCHER
2021-10-14,Dignity Health,Director Performance Improvement - Productivity Management Focus
2021-10-14,Dignity Health,EIM Assistant SEIU Represented
2021-10-13,gpac,HR Generalist
2021-11-05,Zurich North America,Claims Specialist I - Workers Compensation
2021-11-02,Siemens,Systems Specialist II – Smart Buildings - Sacramento
2021-10-17,gpac,Auto Manufacturing Engineer
2021-10-08,Centene Corporation,"Supervisor, Pre Certification & Referrals"
2021-10-29,Safeway,FRONT END DEPARTMENT
2021-10-19,Blue Shield of California,"Provider Processor, Intermediate"
2021-10-16,CommonSpirit Health,Insurance Services Representative II
2021-10-21,Covered California,Quality Assurance Technician
2021-10-11,ICONMA,Clinical Support Coordinator Associate
2021-10-30,Liberty Reverse Mortgage,"Funding Representative, Mortgage Operations"
2021-10-30,Amuse,Courier
2021-11-03,Corestaff Services,Marketing Manager
2021-10-08,American Pacific Corporation,Quality Assurance Specialist
2021-10-11,"PABCO Building Products, LLC.",Subsidiary HR Representative/Recruiter
2021-10-19,Nicholas Pension Consultants,Retirement Plan Administrator (Remote Option Pacific Time Zone)
2021-10-30,Robert Half,Staff Accountant
2021-11-02,Robert Half,Quality Assurance Specialist
2021-10-06,CommonSpirit Health,"Hospital Entry Way Screener, Temporary"
2021-11-02,gpac,Director of Quality - Auto Manufacturing
2021-10-30,"InterSolutions, LLC",Apartment Leasing Agent
2021-11-04,CommonSpirit Health,Fixed Asset Accountant
2021-10-17,Republic Services,Billing Processor
2021-10-08,Nesco Resource,Business Specialist
2021-10-12,Modus,Procurement Manager
2021-10-28,Target,Executive Team Leader Specialty Sales (Assistant Manager Merchandising & Service)
2021-11-05,CommonSpirit Health,Accounting Manager
2021-10-21,Centene Corporation,Autism Service Coordinator
2021-10-20,"ThermoGenesis Holdings, Inc.",Digital Marketing Specialist
2021-11-04,Gallin Associates,"Travel Physical Therapist Assistant, PTA"
2021-10-10,T-Mobile,Mobile Associate - Retail Sales
2021-10-27,"Integral Networks, Inc.",Level 2 Support Engineer
2021-10-18,Centene Corporation,"Manager, Information Technology (Identity and Access Management)"
2021-10-09,T-Mobile,Mobile Associate - Retail Sales
2021-10-11,Centene Corporation,Senior Business Systems Analyst
2021-10-23,Les Schwab,Administrative Support - Rancho Cordova #632
2021-11-05,HD Supply,Part-Time Warehouse Associate (Evening Shifts)
2021-10-20,CommonSpirit Health,Revenue Cycle Performance Manager
2021-10-08,CommonSpirit Health,Coder II
2021-10-15,The Home Depot,"Measurement Specialist, Flooring"
2021-10-19,Magellan Health,"Senior Compliance Analyst, MRx"
2021-10-08,CommonSpirit Health,Coder II
2021-10-29,Safeway,GROCERY DEPARTMENT
2021-10-11,"The Michaels Companies, Inc.",Seasonal Stocker
2021-10-12,Center for Social Dynamics,Behavior Specialist (Training Paid)
2021-10-14,Dignity Health,Patient Logistics RN
2021-10-19,Nesco Resource,Customer Support Representative II
2021-10-11,Farmers Insurance,Customer Service Representative
2021-10-23,Dignity Health,Preventative and Chronic Care Coordinator MA LVN
2021-10-15,Nesco Resource,Customer Support Representative II
2021-10-18,Centene Corporation,Senior Business Systems Analyst
2021-11-02,Ross Video,Systems Administrator (Job Req #2022-018)
2021-10-28,Zurich North America,General Liability Claims Specialist II
2021-11-04,Blue Shield of California,"Correspondence Phone Support, Entry - Concierge"
2021-11-05,gpac,Electrical Coordinate/Cad Design BIM
2021-11-01,Teledyne Technologies Incorporated,"Technician, Manufacturing"
2021-10-28,EPIC Insurance Brokers & Consultants,Human Resources Business Partner
2021-10-25,Pacific Office Automation,Government Sales Representative
2021-10-20,SearchPros,Customer Service Representative I
2021-10-11,TALENT Software Services,Clinical Support Coordinator Associate
2021-10-15,Folsom Lake RV,Service Manager
2021-10-16,Sacramento Marriott Rancho Cordova,Guest Room Attendant - FT
2021-11-01,Magellan Health,Senior Technical Writer
2021-10-12,Teledyne Defense Electronics,Planning Supervisor
2021-10-15,Robert Half,Talent Manager (Finance & Accounting)
2021-10-30,Amerit Consulting,Training and Learning Facilitator - (Need candidates within California Only) - 100% Remote
2021-10-07,Centene Corporation,Senior Quality Consultant
2021-10-28,Zurich North America,Auto Claims Associate II - Entry-Level
2021-10-07,HealthCare Support,Certified Coder - Claims Review
2021-10-25,Pacific Office Automation,Field Sales Manager
2021-10-28,EPIC Insurance Brokers & Consultants,"Assistant Client Manager, Employee Benefits"
2021-10-07,Ascent Services Group,Business Analyst O365
2021-11-03,USI Insurance Services,College Campus Recruiter (REMOTE)
2021-10-20,"FIT Solutions, LLC",IT Engineer
2021-11-05,Cognizant,Sr. Business Analyst
2021-11-01,Teledyne Technologies Incorporated,"Technician, RF/Manufacturing"
2021-10-31,Jobot,Electrical CAD Designer
2021-10-06,Aimbridge Hospitality,Front Desk Supervisor
2021-10-23,Folsom Lake Honda,Service Department
2021-10-13,Sedgwick,Medical Bill Processor
2021-10-27,Covered California,Technical Writer
2021-11-04,Zurich North America,"Liability Claims Specialist II - Dallas, TX; Schaumburg, IL; Omaha, NE or Rancho Cordova, CA Area"
2021-10-21,"Anthem, Inc.","Manager II, Performance Enhancement (CalAIM)"
2021-11-04,Greywind Marketing Inc,Entry Level Customer Service Representative
2021-10-28,Ross Video,Service & Installation Technician (Job Req #2021-470)
2021-10-22,EPIC Insurance Brokers & Consultants,Human Resources Business Partner
2021-11-03,Centene Corporation,Senior Business System Analyst (Core Systems)
2021-10-08,Delta Dental Ins.,Telephone Representative V
2021-11-03,Jobot,Electrical Project Manager
2021-11-04,Greywind Marketing Inc,Entry Level Sales Representative
2021-11-03,"TAIT & Associates, Inc",Civil Engineering Project Manager
2021-11-01,Centene Corporation,"Vice President, Provider Networks (Federal Services)"
2021-10-16,CTA Engineering & Surveying,Civil Engineer Project Manager
2021-10-16,Zero Impact Solutions,Construction Superintendent
2021-10-15,Maxim Healthcare Group,Personal Care Assistant
2021-11-05,gpac,Electrical Project Manager
2021-10-18,GameStop,Retail Staff (Store 1660)
2021-10-18,Gallagher,Client Associate - Employee Benefits
2021-10-13,Proscapes Landscape and design,Designer/ Project Manager
2021-11-03,Walmart,Cashier & Front End Services
2021-10-19,EPIC Insurance Brokers & Consultants,"Assistant Client Manager, P&C"
2021-10-25,Delta Dental Ins.,Senior Analytics Consultant
2021-11-02,Blue Shield of California,"Product Manager, Senior"
2021-10-24,Zurich North America,Claims Specialist I - Property & Bodily Injury
2021-10-16,Dice,BUSINESS ANALYST
2021-10-23,"Lowe's Companies, Inc.",Cashier Part Time
2021-11-05,gpac,Electrical Project Manager/Estimator
2021-10-08,American Pacific Corporation,Corporate Counsel
2021-10-13,California Northstate University,Senior Coordinator of Health Professions Advising
2021-10-14,CommonSpirit Health,Director Performance Improvement - Productivity Management Focus
2021-10-23,Constant Associates,"Supply Technician (ASPR, CA)"
2021-10-22,Travelers,Associate Counsel - Litigation
2021-10-13,Nesco Resource,Remote Call Center Representative
2021-10-08,American Pacific Corporation,Quality Assurance Specialist II
2021-10-26,Panera Bread,Retail Team Member B
2021-10-06,"Construction Innovations, LLC",Project Manager
2021-10-28,Pacific Coast Building Products,Staff Accountant II
2021-10-06,"Construction Innovations, LLC",Project Manager
2021-10-29,"Anthem, Inc.",Nurse Disease Management I
2021-10-18,Centene Corporation,Behavioral Health Clinical Care Manager - Remote Available
2021-10-28,Safeway,FLORAL DEPARTMENT
2021-11-03,AssuredPartners,Senior Claims Examiner
2021-10-18,Travelers,Medical Case Unit Manager Workers Compensation
2021-10-06,Carousel Industries,Customer Experience Manager
2021-10-11,CommonSpirit Health,Coder II
2021-10-30,Ascent Services Group,Systems Engineer
2021-11-01,EPIC Insurance Brokers & Consultants,Client Manager- Small Commercial
2021-10-28,Kaiser Permanente,Mohs Histologic Technologist I
2021-10-21,Centene Corporation,Site Reliability Engineer
2021-10-28,Safeway,STARBUCKS / JAMBA JUICE DEPARTMENT
2021-10-30,Sportsman's Warehouse,In-Store eCommerce Associate
2021-10-16,CTA Engineering & Surveying,Civil Designer
2021-11-05,Acosta,Retail Service Merchandiser
2021-10-20,Blue Shield of California,"Program Manager, Principal"
2021-11-02,"ARC Management Group, LLC",Direct Marketing & Sales Representative
2021-10-23,Cisco,Collaboration Product Sales Specialist
2021-11-04,"ACES (Comprehensive Educational Services, Inc.)",ABA Behavior Technician
2021-11-03,Murraysmith,Assistant Roadway Engineer
2021-10-14,American Pacific Corporation,"Supervisor, Maintenance"
2021-10-07,Spectraforce Technologies,*Registered Nurse - In Store Covid-19 Vaccination Support
2021-10-26,"GEI Consultants, Inc.",Senior Consultant (Nationwide Position- Many Location Options)
2021-10-16,Five Guys,Crew Member
2021-11-03,Bath & Body Works,Seasonal Sales Associate-Rancho Cordova Town Center
2021-10-08,Michael Baker International,Archaeologist
2021-10-23,Folsom Lake Honda,Sales Department
2021-10-25,Sportsman's Warehouse,Clothing Sales Associate
2021-10-10,CVS Health,Asset Protection CoordLP
2021-11-04,"Intercare Therapy, Inc.",Behavior Interventionist
2021-10-28,Centene Corporation,Sr. Network Engineer (Cisco Telecom)
2021-10-20,Delta Dental Ins.,Bilingual Telephone Representative V (Spanish/English)
2021-11-04,Zurich North America,Legal Claims Professional- Management Solutions Group
2021-11-03,Siemens,Graphics User Interface Specialist ~ Smart Buildings / Automation ~ National Operations Center (NOC) / Pacific Zone
2021-11-05,LEAPROS™ Workforce Solutions,Land Surveyor
2021-11-01,Aftermath Services | Trauma Cleaning and Biohazard Removal Specialists,"Crime Scene Cleanup Supervisor - Rancho Cordova, CA"
2021-11-04,Walmart,Online Orderfilling and Delivery
2021-10-23,Dice,PC Technician
2021-10-25,Sportsman's Warehouse,Footwear Sales Associate
2021-10-09,HD Supply,Lead Warehouse Associate
2021-10-09,Dignity Health,Echo/Stress Technician
2021-10-21,"Patriot Construction, Inc..",Site Superintendent
2021-10-13,"The Michaels Companies, Inc.",Seasonal Cashier
2021-10-27,Barco,Hardware Engineer
2021-11-02,Walmart,Hourly Supervisor and Training
2021-10-15,gpac,Electrical Project Manager/Estimator
2021-10-13,Carousel Industries,Senior Customer Experience Manager
2021-11-01,Centene Corporation,Project Lead IT Release Manager
2021-11-02,Walmart,General Merchandise
2021-10-21,Zurich North America,General Liability (GL) Claims Specialist
2021-10-28,PACE Supply Corp.,Sales Consultant/Employee Owner
2021-10-19,Dunn-Edwards Corporation,Store Assistant Mgr CA Job 1404.21
2021-10-15,ICONMA,Bill Review - Hearing Specialist
2021-11-05,"TRC Companies, Inc.",Roadway Engineer
2021-10-30,Leidos,Occupational Safety Health Analyst
2021-10-21,Heating and Cooling Supply,"Counter Sales Associate - New Branch Opening in SACRAMENTO, CA"
2021-11-04,Afton Consulting Group,"Travel Physical Therapist Assistant, PTA"
2021-10-15,Siemens,Electrical Installer II – Smart Buildings - Sacramento
2021-10-06,CommonSpirit Health,Pharmacy Tech
2021-10-11,Environmental Landscape Solutions,Landscape Estimator
2021-10-28,EPIC Insurance Brokers & Consultants,Client Manager
2021-11-03,American Pacific Corporation,Treasury and Tax Manager
2021-10-26,HD Supply,"Warehouse II - Case Picker- Full-Time-1pm Shift, $17 and up"
2021-11-01,Schnitzer Steel,Sales Lead
2021-10-28,"Construction Innovations, LLC",Implementation Manager
2021-11-05,Gables Search Group,"Travel Physical Therapist Assistant, PTA"
2021-10-29,Safeway,FUEL DEPARTMENT
2021-10-29,Safeway,In-Store Shopper (E-commerce)
2021-10-16,Sacramento Marriott Rancho Cordova,Engineer (Maintenance) - FT
2021-11-04,CommonSpirit Health,Physician Services Contract Specialist
2021-10-19,USI Insurance Services,Producer - Employee Benefits
2021-10-30,Blue Shield of California,Senior Business Analyst – Clinical Access Programs
2021-11-01,Aftermath Services | Trauma Cleaning and Biohazard Removal Specialists,"Crime Scene Cleanup Assistant Supervisor - Rancho Cordova, CA - $500 Sign on Bonus"
2021-11-02,Walmart,Food & Grocery
2021-10-27,"Construction Innovations, LLC",Electrical Engineer
2021-10-17,Environmental Restoration and Construction,Project Manager Contents
2021-10-10,Dunn-Edwards Corporation,Store Assistant Mgr CA Job 1283.21
2021-11-02,HD Supply,"Warehouse II - Case Picker- Full-Time-1pm Shift, $17 and up"
2021-10-28,Safeway,GENERAL MERCHANDISE / HEALTH & BEAUTY DEPARTMENT
2021-11-04,Granite Construction,Proposal Coordinator (Heavy Civil Construction)
2021-10-21,AssuredPartners,Senior Loss Control Advisor
2021-10-28,Delta Dental Ins.,CA Telephone Representative V
2021-10-07,ObjectWin Technology,Software Engineer
2021-10-23,Nexus HR Services,Medical Assistant (Sunrise Blvd.)
2021-10-22,Fastenal Company,Sales Associate
2021-10-15,Concentra,"Medical Assistant Rancho Cordova,CA"
2021-10-26,HD Supply,"Warehouse Lead - Repack, 11AM Shift, $18 - $20/hr (DOE) (Full-Time)"
2021-10-29,Centene Corporation,Application Software Developer (Core System)
2021-10-24,Zurich North America,General Liability Claims Specialist II
2021-10-10,PACE Supply Corp.,Warehouse Worker
2021-10-30,Amuse,Driver
2021-11-04,"True North Consulting, LLC(Kansas City)","Travel Physical Therapist Assistant, PTA"
2021-10-15,gpac,Electrical Estimator
2021-10-25,Pacific Office Automation,Delivery Driver
2021-10-12,Boot Barn,Seasonal Sales Associate
2021-10-29,Delta Dental Ins.,Senior Marketing Data Analyst
2021-10-30,Blue Shield of California,"Contract Manager, Principal"
2021-11-04,Prime Communications,Retail Sales Consultant- AT&T
2021-10-25,"Ashley Ellis, Inc","2nd Shift Document Specialist (Rancho Cordova, CA)"
2021-10-16,Sacramento Marriott Rancho Cordova,AYS Agent - PT
2021-11-02,Accenture,Incident Response Investigator - Location Negotiable
2021-10-27,Wyndham Hotels & Resorts,"Part Time Agent, Guest Servs"
2021-10-26,Marriott International,Operations Manager Bonus Eligible - Courtyard Sacramento Rancho Cordova - (21107040)
2021-10-06,Tetra Tech,"Staff Geologist / Engineer - Rancho Cordova, CA"
2021-10-09,HD Supply,Warehouse Lead- 1pm
2021-10-09,Dignity Health Medical Foundation,Echo/Stress Technician
2021-10-18,"Construction Innovations, LLC",Senior Project Manager
2021-11-05,gpac,Senior Electrical Project Manager
2021-11-01,Schnitzer Steel,Production Crew
2021-10-27,Brown and Caldwell,Senior Level Electrical Engineer
2021-10-29,Prime Communications,Assistant Store Manager- AT&T
2021-11-01,Aftermath Services | Trauma Cleaning and Biohazard Removal Specialists,"Crime Scene Cleanup Technician - Rancho Cordova, CA - $500 sign on bonus"
2021-10-19,"The Michaels Companies, Inc.",Seasonal Sales Team Member
2021-11-04,Aimbridge Hospitality,Night Auditor
2021-10-30,Turf Star Western,Pre-Owned Equipment Technician
2021-10-10,State Farm Agent,Intern - State Farm Agent Team Member
2021-10-30,Amuse,Delivery Driver
2021-10-16,Dignity Health,System Director Corporate Counsel
2021-11-04,Dice,Unix/Linux Systems Administrator
2021-10-25,USI Insurance Services,Personal Risk Specialist
2021-10-20,Kelly-Moore Paints,Inside Sales - Retail Associate
2021-11-02,Highgate,Hampton Inn - Rancho Cordova Night Auditor
2021-10-07,Advent Global Solutions,Field Engineer 4 (1912227330)
2021-10-14,CommonSpirit Health,EIM Assistant SEIU Represented
2021-10-07,Centene Corporation,"Manager, Web Security"
2021-10-07,CVS Health,Retail Store Associate
2021-10-27,Club Staffing,Physical Therapist Assistant - Home Health - (PTA - HH)
2021-10-21,Blue Shield of California,"Provider Contracting Specialist, Senior"
2021-10-09,"Freeway Insurance Services, Inc.",Sales Representative
2021-10-26,Panera Bread,Team Manager B
2021-10-19,Clean Earth,Warehouse Worker
2021-10-16,CommonSpirit Health,Coder II OnCall
2021-11-02,Highgate,Room Attendant - Hampton Inn Rancho Cordova
2021-10-29,Safeway,PHARMACY DEPARTMENT
2021-10-16,Clean Earth,Lab Pack Field Chemist
2021-11-03,IAA,Customer Service Representative I
2021-10-23,"Lowe's Companies, Inc.",Receiver Stocker Part Time
2021-10-28,Farmers Insurance,Tier 4 Claim Owner
2021-11-05,Acosta,Retail Service Merchandiser
2021-11-03,Business Computer Services of Sacramento,Cold Calling Ninja Master
2021-10-25,Dewberry,Structural Engineer
2021-11-04,Centene Corporation,Senior Application Software Engineer (Test Automation)
2021-10-15,eTeam,Bill Review - Hearing Specialist
2021-10-29,Safeway,PRODUCE DEPARTMENT
2021-10-10,"Construction Innovations, LLC",Preconstruction Manager
2021-11-04,"Ross Stores, Inc.",Retail Associate
2021-10-28,"AAA Northern California, Nevada & Utah",Battery and Light Service Drivers
2021-10-16,Dignity Health,System Director and Senior Counsel
2021-10-13,Carousel Industries,Manager of Engineering
2021-10-21,"TAIT & Associates, Inc",Land Surveyor Technician
2021-11-03,Republic Services,Maintenance Tech B-3
2021-11-04,Retail Options,"Travel Physical Therapist Assistant, PTA"
2021-11-04,Acosta Marketing Group,Retail Service Merchandiser
2021-10-15,Five Guys,Restaurant Crew Member
2021-11-02,H&R Block,Receptionist
2021-10-29,IAA,Customer Service Representative I
2021-11-01,H&R Block,Receptionist-Now Hiring
2021-10-23,Dignity Health,RN Manager Care Coordination
2021-11-01,Schnitzer Steel,CFJC Agent I Bilingual
2021-10-28,Stericycle,Warehouse Associate-New Facility Great Pay & Benefits!
2021-11-01,C&S Wholesale Grocers,Traveling Warehouse Order Selector
2021-11-04,Blue Shield of California,"Appeals and Grievances - RN, Consultant"
2021-10-08,Siemens,Sr. System Technician – Smart Buildings/Commercial Security - Sacramento Area
2021-10-09,Sportsman's Warehouse,Firearms Associate - Hunting Department
2021-11-02,"Ross Stores, Inc.",Retail Associate
2021-10-26,Magellan Health,Senior Data and Integration Engineer
2021-11-04,Aimbridge Hospitality,Server - Restaurant 1
2021-10-10,Denny's,Host/Hostess - Franchise
2021-10-26,Black & Veatch,Senior Electrical Engineer - Hydropower - Sacramento
2021-10-16,Stericycle,Warehouse Associate-New Facility Great Pay & Benefits!
2021-10-22,CommonSpirit Health,Preventative and Chronic Care Coordinator MA LVN
2021-10-28,Kaiser Permanente,Mohs Histologic Technologist II
2021-10-30,"InterSolutions, LLC",Apartment Handyman
2021-10-30,Centene Corporation,"Vice President, Compliance"
2021-10-30,Zurich North America,"Legal Claims Professional- EPL, E&O, Fiduciary and Financial Institutions"
2021-10-30,Gilbane Building Company,Estimator II
2021-10-20,Zurich North America,General Liability Claims Team Lead
2021-10-26,Aimbridge Hospitality,Housekeeper
2021-11-02,Kaiser Permanente,Optometrist
2021-10-26,Boot Barn,Key Holder
2021-10-08,Michael Baker International,On Call Archaeologist
2021-10-16,CTA Engineering & Surveying,Survey Manager
2021-10-14,"The TJX Companies, Inc.",Retail Associate Part - Time NOW HIRING
2021-10-25,Staples Stores,Retail Sales Associate
2021-10-28,Safeway,BAKERY DEPARTMENT
2021-10-10,Wyndham Hotels & Resorts,"Attendant, Room"
2021-10-29,Safeway,DEPARTMENT MANAGER POSITIONS
2021-10-09,Schnitzer Steel,Customer Service Advisor
2021-11-02,"Ross Stores, Inc.",Area Supervisor
2021-10-08,Noodles & Company,Restaurant Team Member
2021-10-26,Panera Bread,Assistant Manager B
2021-10-07,NWN Corporation,Solution Engineer (82120)
2021-10-16,Five Guys,Restaurant Team Member
2021-11-04,Zurich North America,Construction Defect Claims Specialist
2021-10-21,Blue Shield of California,"Utilization Management Nurse, Consultant"
2021-10-30,Dice,Systems Engineer
2021-10-20,Kaiser Permanente,Assistant Nurse Manager - OR/Eye Surgery Ctr. - sign On Bonus Eligible
2021-10-16,H&R Block,Accelerated Tax Associate
2021-11-04,"Ross Stores, Inc.",Area Supervisor
2021-11-05,Caliber Collision,Auto Detailer
2021-10-27,Wyndham Hotels & Resorts,Guest Experience Ambassador
2021-10-18,Planet Fitness,Seasonal Member Services Representative - Part-Time
2021-10-23,"Lowe's Companies, Inc.",Retail Associate Part Time
2021-10-07,AutoZone,MANAGER TRAINEE
2021-10-07,AutoZone,MANAGER TRAINEE
2021-10-20,Aimbridge Hospitality,Server - Restaurant
2021-11-03,Dewberry,Water/Wastewater Project Manager
2021-11-04,Blue Shield of California,"Pharmacy Technician, Intermediate"
2021-10-08,Brown Trucking,Warehouse Associate - Electric Pallet Jack Experience Required - $17/hr ($680/wk) - Start Working TOMORROW
2021-11-01,Zurich North America,Complex Liability Claims Specialist
2021-11-04,Walmart,Fuel Station
2021-11-04,Dignity Health,Medical Director Of Transfer Center
2021-11-05,Mercy Healthcare Sacramento,RN Workers Compensation Employee Health Services
2021-10-18,USI Insurance Services,Producer - Property & Casualty
2021-10-20,POOLCORP,Warehouse Worker
2021-10-20,POOLCORP,Warehouse Worker
2021-11-04,"Ross Stores, Inc.",Store Protection Specialist
2021-11-01,VSP Global,"Senior Strategy Consultant, VSP Vision Care (Remote)"
2021-10-27,Travelers,Associate Counsel - Litigation
2021-10-22,Accenture,Cloud Security Engineer
2021-10-09,Centene Corporation,Architect (Enterprise Monitoring)
2021-10-31,"Securitas Critical Infrastructure Services, Inc.",Armed Security Officer
2021-11-01,Guild Mortgage,Loan Officer
2021-10-25,Kaiser Permanente,Licensed Masters Mental Health Professional Adult Team
2021-11-01,Guild Mortgage,Loan Officer
2021-10-28,Allied Universal,Security Officer-Manufacture
2021-10-16,CommonSpirit Health,System Director and Senior Counsel
2021-10-29,Accenture,Security Risk Assessor
2021-10-06,Aimbridge Hospitality,Engineer-Preventative Maintenance
2021-10-29,Safeway,LIQUOR DEPARTMENT
2021-10-23,Harbor Freight Tools,Retail Stocking Supervisor $20.00/hr
2021-10-09,CommonSpirit Health,Echo/Stress Technician
2021-10-14,Maxim Healthcare Group,Echo Cardiographer Technologist
2021-10-07,The Genesis Group Inc,Physical Therapist Assistant
2021-11-04,Gallin Associates,Travel Occupational Therapist / OT
2021-10-07,"Georgia IT, Inc.",SAP FM/FI/CO
2021-10-28,Apex Systems,Secret Cleared Java Developer
2021-10-23,Zurich North America,Liability Trial Attorney - Remote Opportunity
2021-10-07,LandCare LLC,Irrigation Technician
2021-10-19,7-Eleven,Store Employee
2021-10-29,Accenture,Cloud IR Consultant
2021-11-02,Kaiser Permanente,Optometrist
2021-11-04,HD Supply,Local Delivery Driver (Non-CDL)
2021-10-17,"TKC Holdings, Inc.",Delivery Driver - Rancho Cordova
2021-10-19,7-Eleven,Store Employee
2021-10-25,Cisco,Software Engineer - Webex Incident Response - 1347197
2021-11-01,Gallin Associates,Nurse - Director of Patient Care Services
2021-10-19,Banfield Pet Hospital,Shift Lead VT - 000049
2021-10-19,"The Michaels Companies, Inc.",Custom Framer
2021-11-05,gpac,Low Voltage Service Technician
2021-11-01,Afton Consulting Group,Nurse - Director of Patient Care Services
2021-10-19,The MENTOR Network,"Direct Support Professional - Rancho Cordova, Sacramento Areas Needed PT Hrs"
2021-10-19,7-Eleven,Store Employee
2021-10-28,Blue Shield of California,"Pharmacy Technician, Intermediate"
2021-10-25,Staples Stores,Retail Sales Technology Associate
2021-11-05,Gables Search Group,Travel Physical Therapist PT
2021-10-31,Dewberry,CADD Technician
2021-11-04,Kids Care Dental & Orthodontics,Saturday Registered Dental Assistant - $500 SIGN ON
2021-11-03,Republic Services,Maintenance Shop Technician B-2
2021-10-15,USI Insurance Services,Regional Commercial Lines Project Manager
2021-11-01,IAA,Title Specialist
2021-11-01,IAA,Title Specialist
2021-10-23,Blue Shield of California,"Pharmacy Technician, Intermediate (Short Term Employment)"
2021-11-05,Chipotle Mexican Grill,Restaurant Team Member
2021-10-28,IAA,Title Specialist
2021-10-20,Allied Universal,Security Patrol Driver-Multiple locations
2021-10-30,Dice,Java Developer
2021-10-18,Air Company,HVAC Installer
2021-10-25,HDR,Power Delivery Opportunities - HDR
2021-10-16,H&R Block,Accelerated Tax Associate
2021-10-07,"Kendal Floral Supply, Inc",THX Holiday Floral Helper at Costco in Rancho Cordova
2021-10-21,Kelly,Sr. Systems Analyst - MS 365
2021-10-30,Zurich North America,"AVP, Liability Large Loss Claims Manager"
2021-11-04,"Lowe's Companies, Inc.",PT-Merchandising Service Associate (Live Nursery)
2021-11-04,Afton Consulting Group,Travel Occupational Therapist / OT
2021-10-26,Panera Bread,Night Baker B
2021-10-14,CommonSpirit Health,Patient Logistics RN
2021-11-03,Dice,Java Developer
2021-10-22,Harbor Freight Tools,Retail Stocking Associate $16.60/hr
2021-10-11,Powered by Acquire4Hire,Retail Sales Associate/Consultant
2021-10-21,VSP Vision Care,Sr. Manager of Regulatory Accounting and Reporting
2021-11-04,Retail Options,"Home Health, RN (Travel)"
2021-10-10,Denny's,Server - Franchise
2021-10-12,Farmers Insurance,Senior Trial Attorney - Sacramento
2021-10-07,TechDigital Corporation,.Net Sr. Developer
2021-10-25,Kaiser Permanente,Licensed Masters Mental Health Professional Adapt Team
2021-10-16,CommonSpirit Health,System Director Corporate Counsel
2021-10-21,"TAIT & Associates, Inc",Professional Land Surveyor
2021-11-04,USI Insurance Services,Senior Account Manager - Small Commercial Lines
2021-10-26,Panera Bread,Catering Lead B
2021-11-04,"Ross Stores, Inc.",Store Protection Specialist
2021-10-07,AutoZone,Driver
2021-10-22,Walmart,Health and Wellness
2021-11-04,Delta Dental Ins.,Senior DevOps Engineer
2021-10-07,AutoZone,Driver
2021-10-27,Kids Care Dental & Orthodontics,Orthodontic Registered Dental Assistant - $3000 SIGN ON BONUS
2021-11-04,Centene Corporation,Sr. Cloud Security Governance Analyst
2021-10-29,USI Insurance Services,Regional Select Marketing Specialist
2021-10-07,AutoZone,Driver
2021-10-07,AutoZone,Driver
2021-10-31,IAA,Title Center Supervisor
2021-10-19,The MENTOR Network,CA Mentor is now hiring Direct Support Professional - Needed In Rancho Cordova & Sacramento Areas ASAP!
2021-11-03,Centene Corporation,Senior Application Software Engineer (Core Systems)
2021-10-06,Noodles & Company,"Restaurant Team Member - Cashier, Server"
2021-10-09,CVS Health,Pharmacy Technician - Target Store
2021-10-27,Foresight Mental Health,Mental Health Therapist
2021-10-08,ClearanceJobs,Supply Technician - CA with Security Clearance
2021-10-29,Dice,DevOps Engineer
2021-10-07,Aimbridge Hospitality,Housekeeping House Attendant
2021-10-30,Siemens,Service Specialist II or Sr - Smart Buildings/Building Automation Controls – Sacramento
2021-10-20,POOLCORP,Warehouse Worker
2021-11-04,Aimbridge Hospitality,Cook I
2021-10-29,Safeway,Pharmacy Technician
2021-10-28,Delta Dental Ins.,Solutions Architect (Salesforce)
2021-11-04,Dignity Health,RN Oncology Care Navigator
2021-10-13,Dignity Health,Nursing Float Pool RN Emergency
2021-10-20,Zurich North America,Senior Workers' Compensation Claims Adjuster
2021-10-15,Cigna,"Nurse Manager, Home Health and Infusion - Accredo - $10,000 Sign-On Bonus"
2021-10-09,Blue Knight Security & Patrol,Security Patrol Driver
2021-10-28,SiteOne Landscape Supply,"Driver- $1,000 Sign-on Bonus!"
2021-11-02,O'Reilly Auto Parts,Parts Delivery
2021-10-19,USI Insurance Services,Account Manager - Crop Specialist
2021-10-22,Dignity Health Medical Foundation,RN Manager Care Coordination
2021-10-19,Stericycle,Driver Route NonCDL-Great Pay & Benefits!
2021-10-27,SiteOne Landscape Supply,"Driver - $1,000 Sign-on Bonus!"
2021-10-08,Centene Corporation,Senior Data Engineer
2021-10-07,LandCare LLC,Crew Leader/Supervisor Driver
2021-10-15,gpac,Senior Electrical Estimator
2021-10-25,USI Insurance Services,Select Producer
2021-11-03,Blue Shield of California,Federal Employee Program Behavioral Health Care Manager (LCSW/MFT)
2021-11-01,Gables Search Group,Nurse - Director of Patient Care Services
2021-10-29,Stericycle,Driver Route NonCDL-Med
2021-10-31,Gilbane Building Company,Senior Estimator
2021-10-28,Brown Trucking,Warehouse Associate - Electric Pallet Jack Experience Required - $17/hr ($680/wk) - Start Working TOMORROW
2021-10-07,Dignity Health,Nursing Float Pool RN Emergency
2021-10-10,Denny's,Service Assistant - Franchise
2021-11-04,Lennox International,HVAC Apprentice Technician
2021-10-23,"InterSolutions, LLC",Groundskeeper / Porter
2021-11-04,Gallin Associates,Travel Physical Therapist PT
2021-10-28,Tranzeal Incorporated,Systems Engineer III- Senior Level
2021-11-03,Civic Works,Volunteer: Team Lead/Project Manager Trainee
2021-11-04,"True North Consulting, LLC(Kansas City)",Travel Occupational Therapist / OT
2021-10-21,Walmart,(USA) Staff Pharmacist-Ca
2021-10-20,Boost Mobile,"Retail Sales Consultant – Full Time/Part Time | 2342 Sunrise Blvd, Gold River, CA 95670, USA"
2021-11-05,Gables Search Group,"Home Health, RN (Travel)"
2021-11-02,Blue Shield of California,"Appeals and Grievances - RN, Senior"
2021-10-07,AutoZone,Commercial Sales Manager
2021-10-07,LandCare LLC,Crew Member Driver
2021-10-07,LandCare LLC,Landscape Crew Member - Non Driver
2021-10-07,AutoZone,Commercial Sales Manager
2021-10-26,Pacific Dental Services,Registered Dental Assistant
2021-11-05,Gables Search Group,"Home Health, RN (Travel)"
2021-11-02,Centene Corporation,Senior Site Reliability Engineer -- Remote Available
2021-10-29,IAA,Yard Attendant I
2021-11-02,O'Reilly Auto Parts,Retail Merchandise Cashier
2021-10-07,Geosyntec Consultants,562404 - Senior Remediation Engineer
2021-10-19,Franklin Templeton,Senior DevOps Engineer
2021-11-04,Dignity Health,Nursing Float Pool RN Labor and Delivery
2021-11-04,Afton Consulting Group,Travel Physical Therapist PT
2021-10-16,NEC Corporation of America,DevOps SW Test Engineer
2021-11-02,NEC Corporation of America,Latent Fingerprint Technical Trainer
2021-10-29,Safeway,DELI DEPARTMENT
2021-10-18,Black & Veatch,Civil Senior Engineer - Hydropower - Sacramento
2021-10-06,Pacific Dental Services,Traveling Periodontic Dental Assistant
2021-10-10,Denny's,Restaurant Manager - Franchise
2021-10-24,Swing Education,Substitute Teacher
2021-10-23,CommonSpirit Health,RN Manager Care Coordination
2021-10-09,Noodles & Company,Restaurant Team Member - Cook
2021-10-21,Walmart,PHARMACY MANAGER-CA
2021-10-16,IAA,Yard Attendant I
2021-10-28,"Securitas Security Services USA, Inc.",Armed Security Officer
2021-10-29,Safeway,MEAT/SEAFOOD DEPARTMENT
2021-10-27,Cigna,"Nurse Manager, Home Health and Infusion - Accredo - $10,000 Sign-On Bonus"
2021-10-20,Sevita,Direct Support Professionals Needed for Cole Vocational Services in Rancho Cordova
2021-10-19,The MENTOR Network,Direct Support Professionals Needed for Cole Vocational Services in Rancho Cordova
2021-10-22,Harbor Freight Tools,Retail Sales Associate $16.60/hr
2021-11-01,Retail Options,Nurse - Director of Patient Care Services
2021-10-15,gpac,Electrical Foreman
2021-10-21,Republic Services,CDL Driver
2021-10-16,H&R Block,First Year Tax Professional
2021-10-16,H&R Block,First Year Tax Professional
2021-10-22,Blue Shield of California,"Utilization Management Nurse, Senior"
2021-11-05,Health eCareers,Pediatrician
2021-10-19,Republic Services,CDL Driver
2021-11-01,"True North Consulting, LLC(Kansas City)",Nurse - Director of Patient Care Services
2021-11-04,Dignity Health,Nursing Float Pool RN Labor and Delivery
2021-11-03,Chipotle Mexican Grill,Restaurant Team Member - Crew (2472 - Rancho Cordova Rivergate)
2021-10-21,Heating and Cooling Supply,"Driver Warehouse Associate - New Branch Opening in Sacramento, CA"
2021-11-02,Blue Shield of California,"Utilization Management Nurse, Senior"
2021-10-07,TalTeam,Sr. Engineer - Software
2021-10-19,Franklin Templeton,Lead System Analyst – Hyperion
2021-10-26,Zurich North America,Complex General Liability - Senior Claims Adjuster
2021-11-04,Walmart,Auto Care Center
2021-11-05,Delta Dental Ins.,Senior VMware Systems Engineer
2021-11-03,Chipotle Mexican Grill,Restaurant Team Member - Crew (704 - Rancho Cordova)
2021-11-04,"True North Consulting, LLC(Kansas City)",Travel Physical Therapist PT
2021-10-07,AutoZone,Retail Sales Associate (Part-Time)
2021-10-07,AutoZone,Retail Sales Associate (Part-Time)
2021-10-18,Boost Mobile,"Retail Sales Consultant – Full Time/Part Time | 2342 Sunrise Blvd, Gold River, CA 95670, USA"
2021-10-23,Les Schwab,Brake & Alignment Technician - Rancho Cordova #632
2021-10-07,Aimbridge Hospitality,Cook I
2021-11-04,H&R Block,Associate Team Leader
2021-11-03,CyberCoders,"Senior Estimator (Award-Winning, Multi-Sector GC)"
2021-10-30,Chili's,Line Cook - Immediate Opening
2021-11-04,CommonSpirit Health,Medical Director Of Transfer Center
2021-10-28,Blue Shield of California,"Utilization Management Nurse, Senior"
2021-10-24,Swing Education,Substitute Teacher - Multi-District Opportunity
2021-10-08,Marten Transport,"Teams - $3,500 Sign-On Bonus - $1,000 Hiring Bonus - $1,500/wk Guaranteed - Home BiWeekly"
2021-10-09,Kimball Equipment Company,Heavy Equipment Mechanic
2021-10-21,Zurich North America,General Liability (GL) Senior Technical Claims Team Manager
2021-10-25,NEC Corporation of America,Latent Fingerprint Technical Trainer
2021-10-30,Chili's,Line Cook - Flexible Hours
2021-11-01,Service King Collision,Painter/Autobody Painter/Collision Painter/Refinish Technician
2021-11-02,CVS Health,CA Staff Pharmacist FT
2021-10-23,Michael Baker International,Technical Manager IV
2021-10-11,Supercuts,Stylist
2021-10-29,Dice,Sr. Java Developer- HealthCare
2021-10-28,Caliber Collision,Collision Estimator
2021-10-24,Swing Education,Substitute Teacher - Annual bonus up to $1300
2021-10-21,Maxim Healthcare Group,RN IV Therapy - Outpatient Clinic
2021-11-04,Retail Options,Travel Physical Therapist PT
2021-10-30,Chili's,Line Cook - Part Time
2021-10-27,Barco,Expert Hardware FPGA Engineer /System Architect
2021-10-19,The MENTOR Network,Cole Vocational Services In Rancho Cordova - Now Hiring Direct Support Professional - Needed Start ASAP
2021-10-07,Aimbridge Hospitality,Cook I
2021-10-30,Chili's,Line Cook - Now Hiring
2021-11-04,Retail Options,Travel Occupational Therapist / OT
2021-10-29,Blue Shield of California,"Utilization Management Nurse, Senior"
2021-11-04,Gallin Associates,"Home Health, RN (Travel)"
2021-11-04,Gallin Associates,"Home Health, RN (Travel)"
2021-10-30,Chili's,Line Cook - Team Member
2021-11-02,Trinity Property Consultants,Maintenance Technician
2021-10-07,AutoZone,Shift Supervisor (Full-Time)
2021-10-18,Black & Veatch,Senior Hydro Electrical Engineer - Sacramento
2021-11-04,Delta Dental Ins.,Expert Solutions Architect (Salesforce)
2021-11-05,Home Care Assistance,Senior Living Community Caregiver - Sign on Bonus!
2021-10-30,Chili's,Line Cook - Full Time
2021-11-05,Gables Search Group,Travel Occupational Therapist / OT
2021-11-04,Afton Consulting Group,"Home Health, RN (Travel)"
2021-11-04,Afton Consulting Group,"Home Health, RN (Travel)"
2021-10-07,AutoZone,Shift Supervisor (Full-Time)
2021-10-30,Dice,Sr. Java Developer- HealthCare
2021-10-20,Stericycle,Route Truck Driver Non CDL
2021-10-27,Harbor Freight Tools,Senior Retail Stocking Associate $16.60/hr
2021-11-03,Dice,Sr. Java Developer- HealthCare
2021-10-30,Home Care Assistance,Sign-On Bonus! Caregiver - Always Hiring
2021-10-28,Accenture,Penetration Tester - Mid-Senior - Location Negotiable
2021-10-10,Denny's,Cook - Franchise
2021-11-02,Dice,Systems Engineer III- Senior Level
2021-10-26,Staples Stores,Retail Sales Technology Supervisor
2021-10-11,Curri,Box-Truck/Sprinter Van Delivery Driver: Curri
2021-10-07,TechDigital Corporation,"Dotnet Sr.Developer with SSIS, Talend"
2021-10-25,MENTOR,Volunteer Mentor -- Peter J. Shields lunch-buddy mentoring program
2021-10-07,TechDigital Corporation,Java FSD Tech Lead
2021-10-22,Panda Restaurant Group,Restaurant Service and Kitchen Team (2054)
2021-11-04,Advance Auto Parts,Advance California Conversion Project: Commercial Parts Professional
2021-11-02,Foresight Mental Health,Psychiatric Nurse Practitioner
2021-10-18,Boost Mobile,"Retail Sales Consultant – Full Time/Part Time | 10401 Folsom Blvd, Rancho Cordova, CA 95670, USA"
2021-10-07,TechDigital Corporation,Sr.Net Developer with SSIS Talend
2021-11-04,"True North Consulting, LLC(Kansas City)","Home Health, RN (Travel)"
2021-11-02,O'Reilly Auto Parts,Retail Sales Specialist
2021-11-02,O'Reilly Auto Parts,Retail Counter Sales
2021-11-04,"True North Consulting, LLC(Kansas City)","Home Health, RN (Travel)"
2021-10-30,Granite Construction,LP Project Manager (Heavy Civil Group)
2021-10-07,Noodles & Company,Restaurant Shift Manager
2021-10-29,Blue Shield of California,"Registered Nurse Case Manager, Federal Employee Program"
2021-10-07,Dignity Health,Nursing Float Pool RN ICU
2021-11-04,Dignity Health,Nursing Float Pool RN ICU
2021-10-19,Aureus Medical Group,PT / PHYSICAL THERAPIST
2021-10-07,Diverse Lynx,Java Tech Lead
2021-10-07,AutoZone,Shift Supervisor (Part-Time)
2021-10-08,Brown Trucking,Electric Pallet Jack Operator - $17/hr ($680/wk) - Start Working TOMORROW
2021-10-19,USI Insurance Services,"Property & Casualty Practice Leader- Sacramento, CA"
2021-10-17,Civic Works,Volunteer: Help Afghan Women Write a Blog
2021-10-07,AutoZone,Shift Supervisor (Part-Time)
2021-10-16,Advance Auto Parts,sales pro
2021-10-16,Advance Auto Parts,Store Driver
2021-10-11,Curri,Curri Part-Time Delivery Driver (Gig-Economy Driver)
2021-10-17,"Garner Roofing, Inc.",Roofing Journeymen and Crew Lead
2021-10-23,Les Schwab,Tire Technician - Rancho Cordova #632
2021-11-01,Advance Auto Parts,Commercial Parts Pro
2021-10-07,AutoZone,Senior Retail Sales Associate (Full-Time)
2021-10-20,Concentra,"Physical Therapist Clinic Therapy Director Outpatient Orthopedics Rancho Cordova, CA"
2021-10-11,Great Clips Inc.,Salon Manager
2021-10-21,Service King Collision,Automotive Body Technician
2021-10-21,Service King Collision,Automotive Body Technician
2021-10-20,Service King Collision,Automotive Body Technician
2021-11-02,O'Reilly Auto Parts,Bilingual Parts Delivery
2021-10-20,Panda Restaurant Group,"Restaurant Manager - Rancho Cordova, CA - NC"
2021-10-13,CommonSpirit Health,Nursing Float Pool RN Emergency
2021-10-16,Civic Works,"Volunteer: Tutor for Afghani Women - Tucson, Arizona"
2021-10-20,Service King Collision,Automotive Body Technician
2021-10-16,H&R Block,Multi-Unit Team Leader
2021-10-10,MedNet Professionals,Registered Nurse
2021-11-02,"Kendal Floral Supply, Inc",Retail Sales Merchandiser On Call Cov WD - Rancho Cordova
2021-10-07,AutoZone,Senior Retail Sales Associate (Full-Time)
2021-11-01,Gallin Associates,"Home Health, RN"
2021-11-01,Afton Consulting Group,"Home Health, RN"
2021-11-03,Civic Works,Volunteer: Tech Mentors needed for Afghan activists and refugees
2021-10-30,Chili's,Line Cook - Rancho Cordova Chili's
2021-10-15,iHire,Massage Therapist
2021-10-26,Banfield Pet Hospital,Veterinarian
2021-10-07,Vivian Health,"Home Health - Travel Nurse RN - $2,380 per week"
2021-11-05,Cambay Healthcare,LVN
2021-11-01,Bedrosians Tile and Stone,Class A Truck Driver-Local
2021-10-16,H&R Block,Tax Professional II
2021-10-16,H&R Block,Tax Professional II
2021-10-23,Marten Transport,RN Case Manager - Home Health - $15k Bonus Package
2021-11-04,CommonSpirit Health,RN Oncology Care Navigator
2021-10-29,Dewberry,Senior Transportation/Roadway Project Engineer
2021-10-26,Advance Auto Parts,Advance California Conversion Project: Salesperson - Sacramento Area
2021-11-02,O'Reilly Auto Parts,Bilingual Store Counter Sales
2021-11-04,Retail Options,"Home Health, RN (Travel)"
2021-11-02,Gables Search Group,"Home Health, RN"
2021-10-06,CommonSpirit Health,Nursing Float Pool RN Emergency
2021-11-01,"True North Consulting, LLC(Kansas City)","Home Health, RN"
2021-10-19,NEC Corporation of America,Sr. DevOps SW Test QA Engineer
2021-10-26,EF English First,Hiring Immediately! Teach English in China! Full Support & Free Flights(select locations)
2021-10-29,Accenture,Salesforce Solution / Technical Architect - Consumer Goods
2021-11-02,Blue Shield of California,"Oncology Registered Nurse Case Manager, Federal Employee Program"
2021-10-07,The Genesis Group Inc,Physical Therapist (PT)
2021-10-26,Banfield Pet Hospital,Veterinarian Relief
2021-11-01,Granite Construction,Senior Estimator (Heavy Civil Group)
2021-10-26,Clean Earth,CDL A Driver
2021-10-26,Clean Earth,CDL A Driver
2021-11-04,CommonSpirit Health,Nursing Float Pool RN Labor and Delivery
2021-11-04,CommonSpirit Health,Nursing Float Pool RN Labor and Delivery
2021-10-26,Clean Earth,CDL A Driver
2021-11-01,Afton Consulting Group,Clinical Supervisor - Home Health RN
2021-10-10,Job Juncture,"Home Health, RN"
2021-11-01,Gallin Associates,Clinical Supervisor - Home Health RN
2021-11-03,POOLCORP,CDL Driver
2021-10-25,Advance Auto Parts,"Salesperson FT (9870) - Rancho Cordova, CA"
2021-11-01,Retail Options,"Home Health, RN"
2021-11-01,"True North Consulting, LLC(Kansas City)",Clinical Supervisor - Home Health RN
2021-11-05,Stericycle,Driver Route Lead CDL
2021-10-20,ProDrivers,Class B CDL Truck Driver
2021-11-02,Gables Search Group,Clinical Supervisor - Home Health RN
2021-10-06,CommonSpirit Health,Nursing Float Pool RN ICU
2021-10-07,Diverse Lynx,Java FSD Tech Lead @ Rancho Cordova CA
2021-11-01,Retail Options,Clinical Supervisor - Home Health RN
2021-10-16,VolunteerMatch,"Volunteer: Looking for caring, compassionate adults to visit hospice patients in Rancho Cordova area"
2021-10-07,Job Juncture,RN Clinical Supervisor - Home Health
2021-11-04,CommonSpirit Health,Nursing Float Pool RN ICU
2021-11-01,Gallin Associates,Licensed Vocational Nurse LVN - Home Health
2021-10-07,Job Juncture,Licensed Vocational Nurse LVN - Full Time
